u_tag,u_id,fullname,followercount,tweetcount
RyanWatersUKIP,,,,
Mativenko80,259896187,Evans,"13,783","48,859"
UKIP,358204197,UKIP,"213,983","39,174"
Nigel_Farage,19017675,Nigel Farage,"1,511,110","15,501"
News_Executive,364810202,News_Executive,"32,603","19,544"
afneil,136004952,Andrew Neil,"1,019,169","62,820"
LeaveEUOfficial,3362016513,Leave.EU,"286,494","25,391"
LiberalIsland,,,,
janeyk72,87427080,JaneyK,"1,005","75,705"
MockLabour,,,,
BreitbartNews,457984599,Breitbart News,"1,263,824","122,844"
TheMuslimIssue,867087306,The Muslim Issue,"8,531","27,968"
ChrisPowerRed,1540954147,Chris Power,199,"8,030"
HaitiNewsNet,24481831,HNN -Haiti News Network - @HaitiNewsNet,"107,558","944,079"
AOLdotUK,85343892,AOL UK Homepage,"2,261","17,087"
nuzzel,106041193,Nuzzel,"12,278",384
DirectMarseille,166682415,DirectMarseille,"8,207","27,555"
4real042,276798311,4Real Eze On SessiOn,"6,164","20,950"
DonMaseratte042,1742692574,Don Maseratte,"6,512","36,483"
Charles20ah24s,1713324690,Charlee,292,"7,916"
ThomasEvansUKIP,,,,
whiskycomandant,,,,
markets,69620713,Bloomberg Markets,"572,160","116,792"
AnthonyGlees,37972207,Anthony Glees,"2,645","42,917"
bloefeld437,,,,
BBCWorld,742143,BBC News (World),"26,917,249","306,261"
busybuk,,,,
AndyCavster,,,,
RedHotSquirrel,1142421224628391936,Robert Kimbell,23,1
David_Cameron,103065157,David Cameron,"1,842,007","2,763"
MailOnline,15438913,Daily Mail Online,"2,462,873","304,118"
lasancmt,297286429,ð·ï¸ EurotrashðªðºLasance ð·ï¸,"3,841","38,055"
FT,18949452,Financial Times,"3,878,238","272,516"
Wake_up_Europe,2974636437,Wake Up Europe!,"5,020","5,091"
glasterlaw1,284566108,anthea,"6,120","203,543"
johnwedgey,553388088,john,434,"22,908"
WantEnglandBack,,,,
Akabilky,328577933,So called Alan,"1,134","55,083"
SchetynadlaPO,4267404640,Grzegorz Schetyna,"200,759","2,134"
debatingeurope,201201906,Debating Europe,"27,219","5,671"
EUWatchers,990802033,EUwatch,"22,582","275,105"
stardust193,,,,
dvrmakgl,,,,
vilimsky,303234771,Harald Vilimsky,"16,371","11,816"
English_Woman,18474984,Sue Jameson,"4,210","97,997"
MargotLJParker,121171051,Margot Parker,"20,666","145,254"
LBC,20973388,LBC,"387,910","145,986"
TonyDuheaume,568206779,Tony Duheaume,"18,968","70,559"
SHKMEP,,,,
SPIEGELONLINE,17965092,SPIEGEL ONLINE,"499,079","78,948"
richardcalhoun,7349062,Richard Calhoun,"23,108","344,663"
MikeARPowell,133247890,The Black Jack,"1,188","55,638"
Number10gov,963912251068571648,(UK Prime Minister),"2,211",1
FreefromTorture,174628272,Freedom from Torture,"17,139","20,956"
arminfischer,24501316,Armin Fischer,6,3
PoliticsHome,16558943,PoliticsHome,"109,551","182,320"
simplysimontfa,267283669,Simon Richards ð¬ð§ ð´ó §ó ¢ó ·ó ¬ó ³ó ¿#StandUp4Brexit,"13,222","36,295"
UK_IndyNow,,,,
lostleonardo,92591643,Lost Leonardo,832,"6,626"
Andym6769,97408886,Andym,"3,658","451,621"
lefty_loons,,,,
uk_disgrace,,,,
TRobinsonNewEra,,,,
IBTauris,84041516,I.B.Tauris,"6,050","19,160"
Fattcheeked,192180562,Ichiban,"3,214","306,347"
gme7,36666554,wolfox,"1,132","13,918"
LSEpoliticsblog,145637907,LSE British Politics,"70,277","53,709"
Bacolod,30268894,Bacolod #FBPE,809,"31,502"
belindawood99,,,,
mcvalfra,2649099231,Val McLaren,316,"46,502"
LouiseMensch,19346439,Louise Mensch,"289,675","121,587"
UKLabour,14291684,The Labour Party,"828,706","26,966"
business,34713362,Bloomberg,"5,921,393","547,932"
LibDemsinBiz,3433387803,Lib Dems in Business ð¶ #FBPE,"2,084","6,344"
UkipRugby,,,,
MR_JustinTaylor,55213155,Justin Taylor,278,"17,504"
WildTimothy,1954177111,Timothy Wild,595,"4,396"
nzherald,14765253,nzherald,"301,068","133,780"
kel_emvor,3013595631,Kel_LetsGoWTO,"5,404","46,921"
tagesschau,5734902,tagesschau,"2,632,878","186,133"
RafikSmati,51534469,Rafik Smati,"28,207","11,814"
britainelects,1541364193,Britain Elects,"275,819","14,576"
RoundLike,2458510246,RoundLike,"6,815","125,305"
mummygirl,17836555,Mummygirl/ Bev Stein,"1,178","452,585"
DanHannanMEP,,,,
LeaveEUofficial,3362016513,Leave.EU,"286,495","25,391"
minefornothing,67345697,MineForNothing,"15,011","138,481"
welt,8720562,WELT,"1,359,518","417,239"
youtube,10228272,YouTube,"72,359,768","24,860"
Fight4UK,,,,
Xlibris1,1246164433,Xlibris1,"2,317","88,538"
andywigmore,33851953,Andy Wigmore,"20,553","57,891"
HowardKoch_UK,1320506124,Howard Koch,"2,237","7,471"
cut_the_crap_ec,54153498,CutTheCrap ðºð¸ð¬ð§ð®ð± #Freedom #Victory,"6,981","198,234"
neiledwardlovat,,,,
stuart_w64,,,,
flashgrim,372801522,Graham ð¬ð§,"2,452","123,506"
JeremyCliffe,465965880,Jeremy Cliffe,"73,667","18,039"
libdemfightbac,703325232,LibDemFightBack #Rejoin #JailMoscowJohnson,"8,002","91,013"
farronites,,,,
LibDems,5680622,Liberal Democrats,"323,406","38,308"
Samson1176,1543202473,John O Gaunt,"1,443","86,590"
DrGaryKerr,481519696,Dr Gary Kerr,"13,216","5,441"
jofspg,,,,
mikegalsworthy,34247411,Mike Galsworthy,"130,906","31,743"
Scientists4EU,3189001238,Scientists for EU,"116,223","25,929"
Boursorama,33459117,Boursorama,"36,336","70,285"
PhebeOhYes,561781298,Phebe Bodelle,"27,782","566,837"
Tuppy_G,,,,
JamesMcHaleUK,,,,
Nospin_43,241356766,#NoDeal-NoProblem,"1,226","71,737"
Stop_The_EU,2762592056,Stop the EU ð¬ð§,"39,134","51,718"
naamsingh,15195344,naam singh,367,365
Manish_05Singh,69921786,Manish Singh,"2,531","58,816"
rorybroomfield,224616058,Rory Broomfield #GlobalBritain #Commonwealth,"7,109","13,426"
Cllrporter,,,,
BreitbartLondon,2339238427,Breitbart London,"92,638","34,851"
DVATW,19899606,David Vance,"147,672","182,899"
UKIPPOOLE,,,,
Conservatives,14281853,Conservatives,"486,178","22,497"
ae_parry,197500993,AP Rhondda,805,"7,425"
LabourEoin,986902123,Eoin,0,1
D_Blanchflower,564673621,Danny Blanchflower,"62,674","121,395"
Mancman10,118736440,Ian,"6,175","363,724"
DouglasCarswell,25097735,Douglas Carswell,"72,331","1,138"
thestreamguru,,,,
CapX,2461075736,CapX,"30,440","57,232"
Ririka27067752,,,,
JohannaRhodes,27315929,Jo Rhodes,702,"4,221"
Graeme__McGuire,2164339015,Graeme McGuire,"1,211","39,642"
BV,991740256293711874,Bloomberg View,74,1
RogerV52,187579804,RogerV52 - TERF,"2,988","68,085"
pperrin,,,,
ukipgloucester,2890897703,UKIP Gloucester,"1,617","6,261"
Miguelencasa,728542435,MiguelM,"1,472","118,786"
IrishTimesBiz,16737418,Irish Times Business,"69,524","87,196"
Iowa_Corn_Dog,4185556702,IowaCornDog,54,749
EUscepticInUSA,352097960,Nick Chmaruk,"1,268","24,985"
RichardAENorth,1726526209,Richard North,"5,418","22,044"
PeteNorth303,,,,
WhiteWednesday,757491460757479424,White Wednesday,6,1
gduval_altereco,546941531,Guillaume Duval,"39,768","19,765"
AlterEcoPlus,2749043683,AlterEcoPlus,"10,670","11,900"
DavidJo52951945,893966122109853696,Placeholder,40,0
Telegraph,16343974,The Telegraph,"2,806,942","367,125"
georgeeaton,20668369,George Eaton,"92,857","46,679"
Am___17,953573049609138176,AM17â¤ï¸ð¨ð½,1,5
Ifawemimo,384198024,ÃrÃ¬sÃ  Priestess,"4,247","7,236"
abibeo_oba,455165284,Abiola OBA.,"1,836","46,898"
sagaysagay,310343639,Sagay Agbalaya,"9,784","62,750"
prince_omoagba,,,,
emeralds3,28343777,jenny ð¸,"2,538","60,825"
CyberUKIPper,2738155487,Highland Brexiteer â,"7,353","37,863"
FUW_UAC,3345235197,FUW_UAC,"2,324","3,795"
TUSCoalition,533532707,TUSC,"9,291","26,050"
Cosmixer,40868211,High Tory Takeover #StandUp4Brexit,318,"23,510"
simonraz,,,,
ICMResearch,130827937,ICM Unlimited,"6,572","1,287"
martinboon,35836249,Martin Boon,"4,677","3,081"
JudyAnnKnight,,,,
guardian,87818409,The Guardian,"8,387,003","584,304"
TonysAngle,2751594014,Tony Addison,"22,462","47,961"
danielrhamilton,57057518,Daniel Hamilton,"9,076","41,550"
Dimwot,2319200347,Peter Cordwell,"1,875","20,589"
paulrey99,274744519,Paul Reynolds,"10,573","78,168"
wef,5120691,World Economic Forum,"3,644,520","147,260"
guardian_clark,759193803567816704,Tom Clark,215,15
TheScepticIsle,168644899,Ben Kelly,"9,275","62,581"
RobDWaller,31386162,Rob Waller,"1,031","20,896"
ExxCee,1197123758953099264,XC,0,0
EU_Commission,157981564,European Commission ðªðº,"1,220,872","35,845"
Guardian,87818409,The Guardian,"8,387,004","584,304"
Ulster1999,,,,
JDTIPS,1090676171728187393,JDtips,41,7
SkyNews,7587032,Sky News,"5,508,812","380,442"
jayeddyy,,,,
PaulRae_Jigsaw,3223771917,Paul Rae,710,"6,082"
mikebutcher,13666,Mike Butcher,"144,266","81,509"
LawGovDCU,1204324428,Law and Gov DCU,"3,645","17,765"
AnMailleach,250131497,Eoin O'Malley,"10,216","34,147"
IBTimes,78714922,Intl. Business Times,"123,257","180,946"
StrongerIn,764125817618178048,Stronger In,122,1
EastMidsLD,3674561662,East Midlands LD ð¶ï¸ ð¶ï¸,"1,153",995
2tweetaboutit,523085134,.,"34,654","244,128"
Harry_Styles,181561712,Harry Styles.,"34,145,294","5,544"
PeterTownsend7,826537184,Peter Townsend,"100,502","250,410"
TheStaunton,143084619,James Staunton,516,"100,093"
osxreverser,260782997,fG!,"12,528","1,132"
WarOnWant,20781527,War on Want,"35,386","17,154"
souhilabintarab,929445804598878208,Ø³ÙÙÙØ© Ø¨ÙØª ÙØ´ÙØ¨,35,0
Samantha6482,1066777932,sambamthankyoumaam,362,"38,910"
JabbaLeChat,1145664181,Jabba Le Chat,573,"26,732"
YouTube,10228272,YouTube,"72,359,770","24,860"
benastontweet,,,,
DancerGuard,1697215020,Dancing Palace Guard,"7,933","25,657"
ChrisDarroch2,584826171,Telomere,"6,531","195,972"
scarycath,17896684,OOR Cath Maguire,"4,192","164,930"
MorphyJim,2781961312,Joker Wokus Pocus ð´ó §ó ¢ó ³ó £ó ´ó ¿,"3,049","90,451"
GiftedNutter,771989142,Aurtur,"5,428","120,221"
ndtv,37034483,NDTV,"12,162,295","691,438"
VanHeckeSteven,3230661688,Steven Van Hecke,"3,006","4,432"
David_Vaporium,3145601770,David Vaporium,"1,685","66,112"
iancollinsuk,95877096,Ian Collins,"46,617","42,361"
GerardBattenMEP,840231128,ð±ï¸ig ð±ï¸atten Energy,"1,638",64
SblendedKingston,,,,
Arron_banks,3390728889,Arron Banks,"61,457","40,852"
woodlandsandrew,1305807127,Andrew Charalambous,"48,277","8,107"
er1cmau,95699146,Eric Maurice,"5,654","24,373"
AndrewLucas103,850471741,Andrew Lucas,786,"6,736"
EnvAgency,47331384,Environment Agency,"534,797","29,708"
IvanLewis_MP,,,,
Jude_KD,28640933,Jude Kirton-Darling,"13,686","29,108"
georgemagnus1,2220183580,George Magnus,"29,442","38,548"
quarsan,17508218,Andy Carling,"2,545","57,630"
TheresaMEP,,,,
CorriereIt,,,,
Hugodixon,288909699,Hugo Dixon,"41,395","21,387"
benjaminhaddad,116402625,Benjamin Haddad,"14,209","15,825"
GrillingKippers,1371525726,Grilling Kippers,"2,079","18,952"
Guedella,80943338,Michael Kelly,"2,412","56,506"
vote_leave,3695647695,Vote Leave,"62,037","6,698"
lsebrexitvote,3257067453,LSE Brexit,"31,892","20,740"
BBCFarmingToday,819612452,Farming Today,"29,323","4,840"
countryboylife,7053452,Countryboylife,582,"42,514"
StigAbell,509212441,Stig Abell,"79,049","28,236"
johnfmca,2249616166,pints,"1,041","19,135"
Daily_Express,17895820,Daily Express,"819,724","720,106"
oflynnmep,1169240360641540096,Design,0,0
euobs,43317911,EUobserver,"192,356","52,206"
DCBMEP,70664947,David C Bannerman,"25,909","46,958"
sharethis,14116807,ShareThis,"2,132,804","5,668"
hayspender,125119174,pat pearse,102,"14,373"
FintanCox,475327215,Fintan Cox,584,"4,216"
austparagus,2257328996,Anthony Lucas,256,"3,136"
MarisolTouraine,308679667,Marisol Touraine,"164,476","1,528"
publicsenat,40056514,Public SÃ©nat,"324,172","109,138"
RichardJCherry,459338513,Richard Cherry,369,"7,550"
Independent,16973333,The Independent,"3,068,424","955,326"
BetterOffOut,220671535,Better Off Out #StandUp4Brexit,"35,585","12,709"
kevinnichols20,1228856982003703808,Kevin nichols,0,0
Jandals_nz,2335043953,Jandals_nz,25,"7,650"
R_Heslop92,3187403074,Robert Heslop,488,"1,615"
GuidoFawkes,465973,Guido Fawkes,"297,953","121,272"
theSNP,77821953,The SNP,"267,106","60,091"
ThrobingThistle,,,,
JohnRentoul,14085096,John Rentoul,"134,031","233,576"
spectator,16683666,The Spectator,"161,782","78,425"
thetimes,6107422,The Times,"1,331,364","205,303"
toryboypierce,1944466748,Andrew Pierce,"106,611","14,685"
GMB,19424427,Good Morning Britain,"617,412","73,077"
mrlanceprice,134741530,Lance Price,"7,100","1,910"
simonjhix,493370166,Simon Hix,"26,290","16,303"
LSEEuroppblog,121171958,LSE EUROPP blog,"28,063","23,193"
KateHoeyMP,,,,
tvn24bis,1930622304,TVN24 BiS,"83,417","36,173"
SurferObserver,47825185,David Reynolds,"2,283","56,181"
ReevesJek,2989776491,John Reeves,"3,111","30,516"
StuBlu92,312325493,Stuart Kirk ð¨ðªðºð³ï¸âð,205,96
TheEconomist,5988062,The Economist,"24,381,820","204,464"
cultrun,21121637,John MÃ¼ller,"58,785","161,189"
eurocrat,227818863,Gergely Polner,"13,618","24,728"
MaraudingWinger,,,,
CouncillorEd,,,,
LesleyMillercyp,1057645927,Lesley Miller,"9,911","135,846"
IrishTimes,15084853,The Irish Times,"511,090","533,284"
risk_insights,1326731006,Global Risk Insights,"7,948","20,396"
Blakenburg8,1950075613,"Adrian Blake. From 2020, ITS GLOBAL BRITAIN ð¬ð§","1,452","47,096"
nigel_farage,19017675,Nigel Farage,"1,511,112","15,501"
FaullJonathan,575160556,Jonathan Faull,"9,288","6,055"
Y_Eurosceptics,3413559281,Young Eurosceptics,"14,713","8,242"
raf1955,277575166,michael thornton,"1,028","65,308"
yueyuea,812029482840117248,Yueyue Ashiekien,4,0
JerryHicksUnite,384533439,Jerry Hicks,"7,214","43,801"
edwardlucas,22369602,Edward Lucas,"72,886","59,824"
becksthfc,240629773,Becky,"8,768","24,913"
kirstymhall,42520662,Kirsty Hall,"3,339","73,757"
Sheffield_Kevin,143462479,gromit@weirder.earth,"1,087","47,621"
forbes,91478624,Forbes,"15,825,758","236,360"
RuadhanIT,233271209,RuadhÃ¡n Mac Cormaic,"10,188","6,765"
UKParliament,6467332,UK Parliament,"1,503,286","18,774"
SuzanneEvans1,35760904,Suzanne Evans,"38,960","57,746"
BBCRadio4,23937508,BBC Radio 4,"499,596","115,928"
MLiebreich,22481472,Michael Liebreich,"31,408","38,802"
SusanSibborn40,4501908329,Susan Sibborn40@btin,47,"5,939"
Students4Europe,,,,
rupertmurdoch,451586190,Rupert Murdoch,"719,237","1,716"
AndrewAtter,102659635,Andrew Atter,"3,785","106,037"
SimonGosden,,,,
stopUKIPUK,2769849912,Stop UKIP,137,233
WomenDefyUKIP,,,,
sundaybusiness,1168519856850972677,Business Post,123,1
EU_Justice,461919971,EU Justice,"52,749","9,824"
lsepoliticsblog,145637907,LSE British Politics,"70,277","53,709"
BrexitWatch,3241779670,Brexit Watch,"43,890","3,501"
MarkKleinmanSky,73953536,Mark Kleinman,"54,826","7,665"
Ariachetira,465390684,L'aria che tira,"59,708","26,667"
fattoquotidiano,52424550,Il Fatto Quotidiano,"1,979,007","157,084"
gayhuss,,,,
Johnnydub69,,,,
MrRae1000,,,,
WNLOpZaterdag,174252283,WNL Op Zaterdag,"3,035","13,245"
mrbrexit,887069927663861760,Mr Brexit,3,2
labourleave,3320886334,Labour Leave,"40,843","7,366"
GawainTowler,130190749,Gawain Towler,"11,044","103,456"
howardmfarmer,,,,
Hells4Heroes,74219748,Helen,"44,164","59,459"
pimpmytweeting,132111956,Jo,"61,588","75,598"
STAFFICONS,,,,
UK_Awakening,452828779,UK Awakening,"2,119","74,632"
EFTA4UK,3372016275,EFTA 4 UK,"6,258","36,999"
EuroGuido,3899497877,Euro Guido,"37,368","9,178"
julia_reid,43554444,Dr Julia Reid PhD,"5,106","107,799"
MarietjeSchaake,19541556,Marietje Schaake,"57,812","66,824"
StevePeers,2334732225,Steve Peers,"118,475","130,649"
TaleahPrince,,,,
BBCParliament,76635157,BBC Parliament,"57,079","14,127"
CCBSCrossBorder,2317117123,Cross Border Studies,"2,285","4,894"
thcollective,2645333773,The Hippo Collective,"2,079","1,839"
MrBrexit,887069927663861760,Mr Brexit,3,2
agapanthus49,577096192,joyce millerð¬ð§,"9,714","314,257"
TonyE_42,,,,
bushpirateblitz,,,,
DownGoesBrown,19796721,Down Goes Brown,"151,201","77,275"
goatbusters5,4198372053,Goatbusters,119,"2,588"
lewgmiller,376456760,Lewis G. Miller,885,"2,413"
TeresaKuchler,112673776,Teresa KÃ¼chler,"2,331","7,497"
henrikbrors,255171412,Henrik Brors,"3,319","17,232"
BirkbeckNews,,,,
Keir_Starmer,2425571623,Keir Starmer,"326,726","4,583"
sametoyoutoo,2424422474,mark,"1,294","59,904"
realdealdanny,,,,
MikkiL,,,,
Itwitius,23609660,Tim Marshall,"31,663","27,974"
MaryCMurphy,139714364,Mary C. Murphy,"3,655","6,140"
OkKelly22,,,,
annispice,,,,
fhollande,18814998,FranÃ§ois Hollande,"2,247,488","5,251"
IBTimesUK,47916714,IBTimes UK,"31,665","195,601"
falgal,2493234720,Linda Lindsay #UKIndependence,"6,902","189,693"
missbracy,62071197,miss bracey,"1,784","47,997"
polemicablog,,,,
rdrake98,3076621,(((Richard Drake))),"1,243","51,756"
Polly_Politics,3179688406,Polly Politics,"2,045","357,982"
Lou_i5e,,,,
CBItweets,40010267,CBI,"100,837","25,162"
RiversJon,2580071139,Jon Rivers,752,"5,127"
robggill,2792921528,Rob Gill,191,"2,569"
EndaKennyTD,135514272,Enda Kenny,"62,640",647
ScienceBritain,3386446072,Scientists for Britain,"8,615","1,970"
heatherm999,,,,
eureferendum,62074058,EU Referendum,"7,453","32,792"
ruadhanit,233271209,RuadhÃ¡n Mac Cormaic,"10,188","6,765"
NIAbbot,309613216,nick abbot,"25,588","4,773"
lbc,20973388,LBC,"387,911","145,986"
ShippersUnbound,16133363,Tim Shipman,"137,320","35,155"
notquitelocal,1415244324,Banburyboy,250,"2,079"
Sherbs1,526812043,Peter Sherbourne,"1,595","15,053"
GuernseyPress,97189352,Guernsey Press,"13,651","30,363"
TheWelshPatriot,,,,
SHopkins_BREXIT,,,,
BizNetSC,,,,
ALISHAMARIE,29903518,AlishaMarie,"5,089,255","23,784"
Clavranos,118397324,Costas,125,"3,532"
igeldard,10196452,Ian Geldard,"14,297","206,635"
HouseofTwits,30193517,House Of Twits,"6,822","593,591"
lszlek,1586200986,Lucas Szlek,160,413
hedgefunder1,310724538,rajpatel,84,"13,856"
chrisriddell50,171838706,chris riddell,"42,082","17,687"
ucl0071,,,,
uktostayeu,3248881547,UKtoStay.EU ð¬ð§ðªðº #FBPE,"12,968","9,733"
euromove,111388931,European Movement UK,"43,683","13,881"
BrexitMyths,1223632074827091969,Brexitmyths,1,3
L6HJH,,,,
SundayTimesScot,557980814,SundayTimes Scotland,"3,417","6,063"
thesundaytimes,102707504,The Sunday Times,"418,246","29,556"
DavidTrevor10,,,,
PaulHenriCadier,374141509,Paul_Henri_Cadier,"3,801","122,901"
CaitlinNonie,,,,
Scientists4UK,,,,
UniversitiesUK,81812518,Universities UK,"87,981","12,724"
BLMEplc,182862510,BLME,837,"1,536"
Fotbollsgras,,,,
aluneurig,,,,
ComediansForYes,,,,
jakesmith2831,4225298315,jake smith,2,609
liz6153,2789529512,ann cybernatbot #UsetheMandate,"2,875","88,019"
Voteyoufool,3084885544,Time is running out,82,"1,388"
roberts682,3114270604,Joseph Roberts,102,"5,010"
RJezzer,2725933002,ð´ó §ó ¢ó ¥ó ®ó §ó ¿ Dominic ð´ó §ó ¢ó ¥ó ®ó §ó ¿,493,"14,718"
la_stampa,716767568770498564,La Stampa,575,9
thecentreline86,3042923567,nocash nodash #FBPE?,"3,680","70,091"
stephenkb,145671928,Stephen Bush,"94,887","113,603"
AnnLeopards,,,,
ProfChrisScott,308049660,Chris Scott,476,"3,398"
simoni73,22470262,Alberto Simoni,"1,331","1,944"
freddygilbs,42934869,Peter Freddy Gilbeyð´ó §ó ¢ó ·ó ¬ó ³ó ¿,"1,317","23,279"
PowellPolitics,,,,
StrongerInPress,768750006698377216,Open Britain Press,6,0
yeojahcf,,,,
lucycthomas,116808837,Lucy Thomas,"7,567","4,080"
MeAndMyGirlsSG,,,,
Gaueko2,1917765912,Gaueko,"1,902","325,064"
raitoringo,169117113,raitoringo [é·éè¼ªäº],"1,319","176,547"
DosTetas,152703384,DosTetas,"36,344","77,253"
yulianovafan,184771899,Yulia Nova Fan,"19,265","19,648"
GB_loverboobs,,,,
igb4309072,2749910061,salao,"5,539","36,029"
Witchkink00,240696764,Witchking00,"4,950","5,983"
diegokam74,,,,
alexpstory,,,,
PABLICATESSEN,595626537,pablicatessen,705,"37,067"
pablog_,126882799,Pablo GÃ³mez,"3,280","22,277"
TheSun,34655603,The Sun,"1,620,355","505,649"
JPonpolitics,70685388,John Pienaar,"83,167","3,576"
WSJ,3108351,The Wall Street Journal,"17,303,881","300,463"
mirrorlady2,46688887,BREXIT - CRUSADER â,"1,172","51,745"
aronftaylor,1423699747,Aron Taylor ð¬ð§,"6,212",805
Teenie6619Tina,3362688082,tinah#ForBritain ð± ð¬ð§â,"4,267","121,903"
MchughJess,2575336248,Jess McHugh,"2,147",598
uli_speck,746323414244200448,Uli Speck,1,1
KarinBGraham,390085328,OnwardsAndUpwards,"6,121","71,391"
surferchecker,183998445,Checker ð¬ð§,"1,259","30,246"
Juliet777777,,,,
Phillip_Blond,90219306,Phillip Blond,"18,257","53,563"
oditorium,798534771051786240,Stefan Loesch,11,3
Gilesyb,25303558,Giles Wilkes,"10,560","30,165"
NoThanksEU,793482704142598145,Taylor Wakefield,11,4
DailyMirror,16887175,Daily Mirror,"1,156,134","592,493"
elpuntavui,12723412,El Punt Avui ðï¸,"249,239","248,830"
jeremycorbyn,117777690,Jeremy Corbyn,"2,372,928","14,158"
JsRUK,85452540,John Riches,66,"5,791"
FatomaMb,896023488,ÙØ·ÙÙÙÙï»¤ÙÙ Ø§ÙØ­Ø¶Ø±ÙÙÙ,"5,756","27,387"
OrbeaErnie,185638245,Ernst LabruyÃ¨re,957,"43,291"
fleming77,18373946,Jane Fleming,"3,614","607,150"
ruadhanIT,233271209,RuadhÃ¡n Mac Cormaic,"10,188","6,765"
RichardJMurphy,12588712,Richard Murphy,"51,901","69,750"
harryaldridge,18507667,Harry Aldridge,"2,415","18,478"
uniforbritain,,,,
SteveBakerHW,15157283,Steve Baker MP,"81,718","44,228"
jeanniejuno,332151711,JeannieJuno,"3,527","152,490"
GerryHassan,219345607,Gerry Hassan,"20,278","52,931"
T_Veiga,,,,
David_6878,217369572,David,561,"2,963"
hetty_getty,,,,
FamilyLawClinic,132480494,Family Law Clinic UK,"2,655","26,611"
ChrisCr711,925786620,ChrisCross ð¹ð¹ð,"7,607","157,169"
mikecoulson48,2476843155,Mike Coulson #FreeNazanin #FreeAssange â ðµð¸,"23,892","481,678"
garrodt,295549885,TONY GARROD,"1,725","51,862"
GraceMurphy2,325688284,Grace Murphy,"15,109","671,294"
steflehmann,61520859,Stef,"1,311","4,280"
liam345,61741794,Liam Noble ð¬ð§ð¬ð§ð¬ð§ð¬ð§,"6,182","15,142"
willis,14903533,willis,403,"5,635"
AlexKane221b,624112946,Alex.Kane,"34,204","59,768"
irish_news,99960420,The Irish News,"86,537","91,506"
balchinlawyer,,,,
sciencebritain,3386446072,Scientists for Britain,"8,615","1,970"
flexdream,66173189,Felix,833,"10,263"
Untidy_mind,124313779,Alex W ð´ó §ó ¢ó ¥ó ®ó §ó ¿ð¬ð§ðªðºðð¶ #TheResistance,"1,564","63,741"
la_stampai,,,,
hairytrainfairy,3574812201,(((hairytramfairy))),205,"7,793"
Watforddogs,27313493,Chris Fisher,455,"36,851"
RCorbettMEP,1224386012085989377,Richard Corbett,4,1
carolynquinncq,,,,
tomja07,717110876424298497,TOM,213,899
Arable_Farmer,37230319,Wheat & Canola,"6,645","53,171"
Independent_ie,91334232,Independent.ie,"532,337","377,060"
KentAnder,103833985,Kent Andersen,"1,980","35,260"
gmail,38679388,Gmail,"5,974,718","156,945"
SunPolitics,130109576,Sun Politics,"38,912","43,438"
HuffPostUKPol,318502332,HuffPost UK Politics,"54,179","65,729"
StuartAHutton,,,,
publizistikon,62757067,Stefan Slaby,"8,203","57,743"
darksideoftheeg,,,,
blackhawkinc,32403983,Ziad K. Abdelnour Financier I Influencer I Author,"44,898","19,777"
Infoconte,96344176,Giampaolo Poniciappi,546,"33,803"
hrryjddz,,,,
odysseanproject,920480408021725185,Odyssean Project,"12,333",132
realdavedoubleu,2492552898,Dave Williams ð¹ð ð,"3,784","112,795"
Reuters,1652541,Reuters,"21,276,944","499,538"
AlertNet,1019193654148288513,AlertNet,6,0
WilliamsJon,14460241,Jon Williams,"51,944","43,240"
Ireland,1143551,Ireland / Francis,"75,562","230,796"
SlawomirDebski,1063083302,SÅawomir DÄbski,"9,911","41,769"
jancienski,45349095,Jan Cienski,"6,338","7,534"
costello_jn,1456606782,I_told_you_so!,610,"30,956"
BAP_Daehyun,981420799021199360,â¬ï¸,0,0
Uncle_Cavtastic,,,,
ReutersUK,17038090,Reuters UK,"123,244","160,542"
LeaveHQ,3400228798,The Leave Alliance,"6,433","18,889"
_feedspot,718606183,Feedspot,"2,940","2,504"
tobyhelm,44579763,Toby Helm,"25,044","4,827"
yanisvaroufakis,124690469,Yanis Varoufakis,"985,700","15,695"
simon4124,4416209877,Simon Houlding â,"1,211","41,696"
suekenmax,51131135,Sue Hughes,"4,023","72,209"
AUSCITY_Forums,481388071,AUS-CITY Forums,44,"337,981"
CoryllusGm,4472597787,Gabriel Maciejewski,542,"1,627"
NewYorkSun,10105942,New York Sun,"1,579","3,521"
Taddl,482913109,Tadderu,"1,557,382","2,647"
ReutersWorld,335455570,Reuters World,"301,295","218,814"
wheeliedealer,2822379212,WheelieDealer,"6,450","207,328"
ToryAdviceline,,,,
steinbock41,,,,
Eagles,180503626,Philadelphia Eagles,"3,498,489","53,030"
MSmithsonPB,20547642,Mike Smithson,"46,420","43,193"
LocutusBrussels,,,,
paulnuttallukip,,,,
hertsfarming,539788424,Andrew Watts,"2,656","13,085"
AMcCaig_IG,724437003828236289,AMcCaig_IG,1,0
Dorota2604,798592916,Dorota Stachura,721,"43,647"
jdportes,246459126,Jonathan Portes,"60,715","75,202"
pippartridge,973637928,Pip Partridge,"5,692","25,783"
RussellSFC,1229813523338997762,SFC Russell,2,5
jotunheim_,971208628026920960,Eren,"2,902","1,967"
LVIaLondres,3323088981,LVI@LVIaLondres,"2,059","136,154"
economistmeg,241709263,Megan Greene,"50,676","30,126"
MhairiHunter,183587954,Mhairi Hunter,"13,948","131,039"
rosscolquhoun,15971748,Ross Colquhoun,"23,849","68,796"
AntiRacismDay,2320715580,Stand Up To Racism,"32,847","21,800"
Simon_Gardner,24859059,Simon Gardner ð©ðª  ð´ó §ó ¢ó ³ó £ó ´ó ¿,"1,824","108,837"
romanimielski,332347918,Roman Imielski,"11,134","52,973"
ko_grzegorz,3298995640,szary obywatel,133,"15,163"
Piotr_Maciazek,180492765,Piotr MaciÄÅ¼ek,"9,441","70,881"
DAaronovitch,140955302,David Aaronovitch,"139,342","102,371"
dsmitheconomics,112150907,David Smith,"34,695","15,225"
PetrosTovmasyan,119717457,Petros Tovmasyan,"8,445","39,817"
katarynaaa,40050954,kataryna,"64,838","150,059"
FRLiga,,,,
GeraldNGOM,117754884,Prof Gerald M Steinberg,"7,472","44,667"
sucharov,14279987,Mira Sucharov,"2,083","2,950"
NGOMonEurope,2706348782,Europe - NGO Monitor,517,"4,399"
eu_eeas,80803819,European External Action Service - EEAS ðªðº,"310,921","24,359"
cerenomri,548804179,Omri,1,1
PatrykGorgol,333360763,Patryk Gorgol,"1,635","20,935"
MSZ_RP,350770729,Ministerstwo Spraw Zagranicznych RP ðµð±,"83,052","35,413"
ChrisGiles_,305073570,Chris Giles,"102,730","23,071"
MrRBourne,297395484,Ryan Bourne,"14,401","55,604"
jakimccarthy,958546496,INDEPENDENCE #YES ð´ó §ó ¢ó ³ó £ó ´ó ¿,832,"9,669"
LabourOutOfScot,2508422724,No More Emperors,"7,159","125,326"
JohnSwinney,236787450,John Swinney,"76,947","10,667"
DanJukes17,776966190,Dan Jukes,"9,995","22,649"
Ninepenneth,540465387,Nine Penneth,308,"17,807"
jannycat,33054439,Janette King,"1,838","130,517"
henryhtapper,81401555,Henry Tapper,"8,230","87,156"
AndyBelfast,331942800,AndyLindsayBelfast,"1,103","66,523"
BeattieDoug,275636162,Doug Beattie,"18,145","66,905"
yorkshirebec,4144951289,Rebecca ð¬ð§,"2,283","9,162"
smithnicole896,2185325639,Nicole Smith,"1,212","22,546"
BBCWestminHour,124419874,Westminster Hour,"10,286","5,545"
Irene_Koene,47675067,Irene Koene,"1,521","14,184"
DordtsePolitiek,425848464,Bram van Broekhoven,"2,045","45,904"
JohnvdNet,125604685,John van der Net,"1,283","39,180"
PetervanderLeer,2371903844,Peter van der Leer,82,"3,717"
ThorpeLynden,3233838837,Lynden,"2,297","379,919"
Damage_13,115777637,Toby Goodmanð§¢,"1,124","147,715"
Josh_Magosh,,,,
steve_hawkes,41394240,Steve Hawkes,"37,977","82,982"
CasMudde,2286056016,Â©ï¸as âï¸udde,"32,223","60,503"
LordAshcroft,1282992704,Lord Ashcroft,"83,940","19,004"
gavthebrexit,1928492846,GAV THE #BREXIT,"7,271","230,135"
vocidallestero,2836615967,VOCI DALL'ESTERO,"9,729","19,967"
IvanaBartoletti,305614939,Ivana Bartoletti,"6,947","19,845"
Paola27De,2725662546,Paola De Pascali,213,221
p_padalino,2780798688,Pasquale,253,71
gustinicchi,761787475,maurizio gustinicchi,"11,702","80,181"
guglielmopicchi,33501253,Guglielmo Picchi ð®ð¹,"9,321","19,947"
luigibille1,514848412,Luigi Bille,234,"1,146"
GaglioneAlex,2864710888,Alessandro Gaglione,147,28
IGhiosso,1408857354,Ivan Ghiosso,250,"11,426"
SocieteGenerale,188886565,Societe Generale group #TheFutureIsYou,"55,694","11,452"
eLabEurope,2156552208,eLabEurope,"1,534","4,170"
TheGoodLobby,3108011055,The Good Lobby,"4,515","7,128"
StefanoFugazzi,470359977,Stefano Fugazzi,775,"25,373"
ImolaOggi,1683455144,Imola Oggi,"10,676","28,164"
Linformatrice,,,,
tuytuno,159355743,M,157,"10,435"
OneToreroMas,,,,
Democracy4evaUk,,,,
zelazna_logika,1469368092,Å»elazna Logika,"24,665","27,258"
Bart_Wielinski,4044862769,Bartosz T. WieliÅski ðµð±ð¯,"30,672","100,830"
ElContador2000,206962580,Tina,"10,617","335,899"
ddelfirodriguez,1177948035072086022,delfirodrÃ­guez__,30,36
LoliFolegotto,535630009,Loli,"1,431","48,683"
MissLilySummers,280794982,KÃ¶nigin Lily ð©ðª,"3,260","110,059"
truemagic68,417992966,David Buik,"32,161","76,019"
Pinterest,106837463,Pinterest,"2,342,912","9,793"
gregorymckenna,252437614,Greg McKenna,"25,662","45,785"
AxiTrader,181734086,AxiTrader,"14,872","16,756"
DaveVK2,1106557208681078784,Dave.vk,0,0
ChrisWeston_IG,595144967,Chris Weston,"13,220","19,194"
yudaichin,,,,
scotnational,2887077099,The National,"93,501","82,574"
Camz99,204923510,@Camz99,"6,410","541,224"
Breakingviews,12794362,ReutersBreakingviews,"81,264","46,400"
_therealamate,2458119553,$MPGðFEDhuncho,"15,420","85,985"
DeloitteUK,20687139,Deloitte UK,"70,441","14,570"
Deloitte,8457092,Deloitte,"496,056","24,371"
wmsolomon,,,,
marktpirate1,331624645,Armando Guglielmetti,"3,098","65,769"
ConHome,159992511,ConservativeHome,"95,329","39,227"
Channel4,183585551,Channel 4,"970,607","53,665"
bullxead,3350283897,bullxead,"3,855","10,898"
duncanrobinson,17878804,Duncan Robinson,"28,380","49,437"
geertwilderspvv,41778159,Geert Wilders,"814,176","15,621"
PVVvideos,3433127752,PVV TV,839,204
Brexit_News,386542585,Brexit News,"2,228","66,981"
leave,,,,
maggiepagano,1585516010,Margareta Pagano,927,"1,539"
bernardjenkin,222762589,Bernard Jenkin,"34,165","5,888"
bebbington,22980673,k,0,0
lemondefr,24744541,Le Monde,"8,605,953","324,235"
local_hub,177821183,Anupam Pandey,23,140
scoopit,209484168,Scoop.it,"103,221","16,191"
ScotNational,2887077099,The National,"93,501","82,574"
annietrev,20229729,Anne-Marie Trevelyan,"17,789","23,376"
moneyweek,18159198,MoneyWeek,"22,511","23,502"
SamCoatesTimes,1092548926954242048,Sam Coates,187,1
LetsLeaveEU,,,,
DavidHeadViews,937019478,David Head,"9,531","240,166"
ekblja,1848510260,Jani,275,"8,651"
Foxgoose,295591327,Foxgoose,"2,820","87,848"
UKandEU,2999447739,The UK in a Changing Europe,"30,604","30,836"
washingtonpost,2467791,The Washington Post,"14,930,831","349,222"
griffwitte,166002047,Griff Witte,"4,496","1,099"
timeshighered,23602600,TimesHigherEducation,"296,155","110,781"
ThisIsMoney,21295652,This is Money,"52,666","48,098"
NewHopeImagines,3782629452,New Hope Imagines,"1,030","6,014"
NewHopeGeorge,2305562478,George Smith,"153,318","12,101"
NewHopeBlake,1674254432,Blake Richardson,"159,405","4,660"
NewHopeReece,28335508,Reece Bibby,"269,881","11,056"
NewHopeClub,3494104341,New Hope Club,"199,585","16,234"
astrotomato,10423402,graeme,970,"102,131"
OMFIF,233918728,OMFIF,"4,670","4,989"
BAinDiplomacy,1747147664,Steven Curtis,"1,129","8,617"
EUlondonrep,,,,
labour4europe,112215087,Labour Movement for Europe,"6,309","11,486"
BTabrum,,,,
alexsakalis,4624595123,Alex Sakalis,"1,173","1,231"
artomczynski,,,,
ZdzKrasnodebski,539156512,ZdzisÅawKrasnodÄbski,"26,396","21,597"
Forbes,91478624,Forbes,"15,825,760","236,360"
itvnews,21866939,ITV News,"2,230,891","205,560"
ilo,364761686,International Labour Organization,"149,621","14,367"
WitchEnd,18602626,WitchEnd,"3,494","126,196"
ABitOfBlossom,2460515510,#LeaveEU31stJanðð¥ð¾ð,621,"30,321"
lodocomello,430818412,Lodovica Comello,"1,170,783","19,264"
_FinancialWorld,134753624,Financial World,"1,139","18,465"
928ster,2535446095,Mr Magoo,"3,458","42,673"
TrnsAtlantic,187736655,TransatlanticAcademy,"1,441","2,236"
JRLHarris,4203800363,Joseph Harris ðªðº,"2,230","30,984"
SLATUKIP,,,,
paget_old,848357065,Harry Aguecheek,"3,116","19,149"
marcuschown,38205414,Marcus Chown,"47,230","174,238"
delphicfart,,,,
UK_FMP,4549893035,Simon Castillo,143,"1,173"
taloussanomat,18189291,Taloussanomat,"124,363","97,776"
TheShareCentre,38139855,The Share Centre,"11,332","13,292"
GuyJohnsonTV,544126975,Guy Johnson,"12,688","8,122"
IgnatiusPost,423631401,David Ignatius,"119,953","2,001"
POTUS,822215679726100480,President Trump,"28,303,115","8,691"
JohnKerry,15007149,John Kerry,"3,361,061","2,602"
GreekAnalyst,2977900810,The Greek Analyst,"43,221","112,704"
johndredge,18312817,John Dredge - Comedian/Musician,"3,101","71,034"
Instapaper,16240267,Instapaper,"49,248","2,813"
montie,16139649,Tim Montgomerie,"160,387","73,241"
TechLondonAdv,1325112157,TechLondonAdvocates,"25,894","9,285"
subtel1,266505722,Paul ð¸ #FOEU,"8,683","212,508"
FiveRights,857001662,Philip Schuyler,"168,859","77,366"
conhome,159992511,ConservativeHome,"95,329","39,227"
bv,991740256293711874,Bloomberg View,74,1
I_W_M,23742474,Imperial War Museums,"128,729","25,218"
CityAM,45840503,City A.M.,"61,489","147,543"
ShhhhItsPeachy,2757933232,little dumbass,101,"35,142"
realDonaldTrump,25073877,Donald J. Trump,"73,154,573","49,369"
VVD,7599192,VVD,"235,619","16,733"
getbritainout,771596778,Get Britain Out,"28,757","15,969"
thisismoney,21295652,This is Money,"52,666","48,098"
dunstablian,271297553,John,"6,653","91,626"
SouthEastAsia46,1100845332,SouthEastAsia,505,"24,937"
DailyMailUK,111556423,Daily Mail U.K.,"337,785","248,244"
DrGABaines,494103907,Gareth Baines,"4,851","10,054"
deanofsurrey,635335663,Dean,"1,104","37,458"
politicshome,16558943,PoliticsHome,"109,551","182,320"
ITVCentral,33184246,ITV News Central,"226,269","111,253"
eu_today,2388749846,EU today,"2,596","17,526"
scottmannmp,902491664719257601,Scott Mann,28,0
the_psyentist,20189884,Dr. Jamie Mackay,"1,435","8,896"
wblau,15129265,Wolfgang Blau,"50,395","24,126"
TheCommentator,236810139,TheCommentator,"11,385","33,686"
GetBritainOut,771596778,Get Britain Out,"28,757","15,969"
eFinancialNews,717275931010838528,Financial News,1,4
Vote_LeaveMedia,3761322683,Vote Leave Media,"6,644","3,834"
Nouriel,19224439,Nouriel Roubini,"468,671","20,482"
juancrack17,1297899774,Juan Lizarraga,85,668
paulinarce,591477928,Pâ,398,"33,333"
natalieben,16596200,Natalie Bennett,"165,100","79,684"
ClareXFerguson,,,,
mometfisher,2425411130,Mo Metcalf-Fisher,"2,026","1,012"
PoliticsSense,3208482538,PoliticsSense,"15,537","51,157"
Earindill,268862229,Erindil,"3,492","139,119"
gideonrachman,17133897,Gideon Rachman,"74,468","12,131"
NIESRorg,870591852,NIESR,"12,001","12,175"
johnvanreenen,62340455,John Van Reenen,"24,308","19,886"
CEP_LSE,376186410,Centre for Economic Performance,"12,502","20,150"
cvalentine2013,,,,
VeIvetRose,2405288364,",","5,468","77,570"
BolsoverBeast,461827669,Denis Skinner,"85,662","4,417"
iDNEScz,52486297,iDNES.cz,"228,697","58,844"
rarasathie_,274675536,Lagom,"6,307","141,763"
paulmasonnews,19811190,Paul Mason,"625,047","37,829"
CllrBSilvester,314548237,Cllr Brian Silvester â,"43,478","263,975"
SonyTV,145592277,Sony TV,"1,456,213","84,515"
BodhitreeM,3219126865,Bodhitree Multimedia,222,114
YashAPatnaik,,,,
SBSABPNews,2953366898,Saas Bahu Aur Sazish,"69,468","5,728"
tellychakkar,181150439,Tellychakkar.com,"220,207","143,213"
cmackinlay,185790986,Craig Mackinlay MP,"9,678","4,156"
BobbyScheepe,393251013,BobbyScheepe,806,"4,038"
guardiang2,42191735,Guardian G2,"26,943","22,234"
bbki2611,423274783,Stelios ð¬ð·,"3,797","18,383"
geula4,174616667,Forex & Cryptocurrencies,"12,780","42,294"
J_Bloodworth,154485832,James Bloodworth,"24,894","43,383"
JackyHolyoake,,,,
AdamPosen,1305556297,Adam Posen,"34,468","44,647"
FinancialTimes,4898091,Financial Times,"6,444,919","271,761"
wallstreetita,159211191,Wall Street Italia,"15,641","29,988"
ianbremmer,60783724,ian bremmer,"463,187","44,283"
euronews,25067168,euronews,"385,433","136,119"
lifeasnowtime,2346594360,Screen Name:,Total Statuses:,
scotlandbest,348988815,pinksand -UKâs future looking good now with Boris,"3,493","125,829"
wwwfoecouk,939642328230309888,wwwfoecouk,219,57
simon_ball46,3439355824,Simon Ball,525,"91,046"
Simtho_NM,1375248836,Nomalanga âï¸,"2,136","26,253"
JamesCleverly,14077382,James Cleverly,"75,484","29,126"
TelegraphWorld,19706851,Telegraph World News,"235,364","82,878"
john123456546,,,,
mattholehouse,18541636,Matthew Holehouse,"24,150","22,262"
UKPoliticsLive,3107686871,UK Politics Live,"4,204","65,401"
domdyer70,566688127,dominic dyer,"23,346","156,254"
OReillyMiriam,433348876,Miriam OâReilly,"3,762","10,520"
JMCarzolio,607614072,Juan Miguel Carzolio,"29,058","33,319"
YoInvierto,309943390,Alejandro Paz,"1,755","57,310"
popelko,420818797,GP,200,"3,250"
mainedcm,63701775,Maine Mendoza,"5,762,222","39,735"
macmendoza75,3282218791,Mary Ann Mendoza,"292,630",251
MAINEnatics_OFC,3313366232,Maine Mendoza OFC,"300,257","91,769"
Sweetlover1020,3310719426,Neneng Rose,"1,174","31,606"
22lyrs,806076702,UN_22lyrs,953,"78,417"
PaulioB,161347288,Paulio,"1,222","14,070"
FrancoisF24,269729359,FranÃ§ois Picard,"13,839","19,584"
betfair,19292816,Betfair,"159,325","120,703"
EUDebateNI,3882952401,EU Debate NI,"1,601","3,401"
EUOfficeNI,2573598775,EU Office NI,"1,269","2,498"
StratagemInt,443988505,Stratagem International,616,"3,094"
JolyonMaugham,406842374,Jo Maugham QC,"177,328","107,384"
ncr16,229446071,Neil Rogers,"1,216","68,727"
FionaMillsUKIP,,,,
BBC,19701628,BBC,"1,638,082","34,106"
BBCNews,612473,BBC News (UK),"10,536,127","408,460"
mta_uk,94054428,MTA,"4,415","2,334"
BorisValls,1131297189932752898,BorisValls,38,130
nachocorredor,13623122,Nacho Corredor,"9,847","26,971"
EslamZika2,3436928489,Eslam,106,90
Husseinvich7,4576511433,H.MoØ­amed â¢,169,"9,259"
BreakingEUNews,,,,
SputnikInt,34262462,Sputnik,"306,664","81,260"
essexdb,,,,
macsteed,37691095,Steve  MacLeod,"1,170","37,423"
FLYNNRlDERS,2981415179,ratgirl - hiatus,23,"18,461"
chrischeuermann,22132467,Christoph Scheuerman,"2,495","3,735"
EuroBriefing,80024060,Wolfgang Munchau,"38,293","4,689"
michaelmilling6,,,,
DavidHadley1973,3344564308,UKIP David Hadley,"8,995","150,304"
georgiagraham,20937941,Georgia Graham,"3,397","7,067"
dinky1950sf,2663116351,Steve Foster,"4,248","163,277"
chuckyobama,,,,
Rtorres313,,,,
juliotrouxa,,,,
ExposingBBC,77776648,Boris for No Deal Brexit....donât let us down!,"5,392","59,805"
TiniStoessel,550281859,TINI,"2,016,064","23,791"
11valentine,1102004229047283712,valentine,5,46
ftcomment,1126613710586433536,fi,4,13
Jderbyshire,39573484,Jonathan Derbyshire,"6,365","16,697"
jordanfurniss,192178912,Jordan Furniss,246,"15,878"
ZSchneeweiss,859306879,Zoe Schneeweiss,"11,508","66,687"
BloombergTV,35002876,Bloomberg TV,"537,089","123,495"
tomkeene,25709609,tom keene,"115,044","46,826"
flacqua,63222576,Francine Lacqua,"32,528","31,091"
FergusMason1,,,,
captain_europe,803996887678418944,Captain Europe ðªðº,"3,948","3,384"
prospect_uk,21417687,Prospect Magazine,"49,366","102,816"
signaturereads,199686715,Signature,"13,247","19,841"
giancarlolaroc2,4534818814,giancarlo la rocca,489,"3,937"
britinfluence,161243998,British Influence,"18,546","22,269"
SebastianEPayne,162473641,Sebastian Payne,"71,761","34,018"
britishfuture,324305186,British Future,"9,799","16,336"
sundersays,16474781,Sunder Katwala,"23,349","203,102"
edwardnh,16400258,Edward Harrison,"24,797","75,849"
Keith1989_,,,,
Iskandr_Whatevr,2166177369,AIK,442,"18,119"
DavidPrescott,19344585,David Prescott,"11,426","22,045"
LincolnLabour,211202858,Lincoln Labour Party,"2,123","1,833"
OxfordTax,337595442,Oxford Business Tax,"3,769",394
leaveHQ,3400228798,The Leave Alliance,"6,433","18,889"
Rochell3green,251637535,Rochelle Green,86,"4,686"
PimlicoPlumbers,31711513,Pimlico,"18,355","136,679"
jonathanharmer,243328898,Jonathan Harmer,371,"18,287"
LiamFoxMP,,,,
Orwellian_EU,199770246,Orwellian EU,"7,110","36,870"
BelTel,20687723,Belfast Telegraph,"180,720","154,003"
FinancialReview,19050000,Financial Review,"296,105","181,869"
SuperbikeAl,337626858,SuperBorisAl,"5,386","317,194"
TrioMarkets,2541025128,TrioMarketsÂ®,329,"10,484"
StaffanG_son,2889123214,Staffan Gunnarson,"3,696","76,249"
JosefinUtas,1136834894,Josefin Utas,"13,578","42,212"
smh,16675569,The Sydney Morning Herald,"784,206","193,325"
theage,32201814,The Age,"878,732","109,527"
FinalCallFilm,,,,
PhilipdClarke,,,,
BTCTN,3367334171,Bitcoin News,"441,199","14,165"
lionelbarber,1060578475,Lionel Barber,"81,728","9,025"
lilyvettefl_,,,,
CravenGriffiths,2960335743,R Craven-Griffiths,58,"7,004"
cheekylatte,83711992,CheekyLatte ð©ð¼ð¬ð§ We Did It ð´ó §ó ¢ó ¥ó ®ó §ó ¿ð,"10,693","276,311"
of_plan,1011386208142979073,part of plan,1,2
Bankofengland,18938646,Bank of England,"293,401","9,226"
MichelleDewbs,15710120,Michelle Dewberry,"104,651","18,043"
MartinDaubney,568143078,Martin Daubney,"53,329","64,852"
TeleFinance,704698938918449152,telefinance,157,5
OliverKamm,157760297,Oliver Kamm,"29,800","41,908"
POLITICOEurope,2969760609,POLITICO Europe,"235,295","57,884"
Ruud_Terphuis,,,,
NOS,7174972,NOS,"1,118,803","338,240"
alfisutton,3153097690,Alfvictorsutton,"1,835","335,935"
DavidAGunn1,1278611634,David A Gunn,648,"30,536"
TheWeekDay,496654203,Valerie,402,"20,571"
ZacGoldsmith,22159580,Zac Goldsmith,"88,476","15,738"
agrilandIreland,1343038112,AgriLand,"25,019","66,127"
ecfr,108631068,ECFR,"71,425","30,609"
Royston_Smith,75562171,Royston Smith MP,"6,568","7,921"
PhilKean1,218085573,@PhilKean1,447,"8,646"
donnaariner,176115868,charlotte44,"2,148","93,015"
morgenmagazin,21780934,ZDF Morgenmagazin,"165,887","18,501"
Euractiv_FR,486495400,EURACTIV France,"9,698","30,224"
franceinter,34867057,France Inter,"1,492,206","125,637"
EdeMinuit,1433693564,Ãditions de Minuit,"3,491",85
EwanLawry,2588100114,Ewan Lawry,469,"35,275"
Louisferns7,,,,
bonn1egreer,611585332,Bonnie Greer,"92,531","138,066"
bloombergtv,35002876,Bloomberg TV,"537,089","123,495"
anandMenon1,107398834,Anand Menon,"44,493","61,433"
samsonofsam,1954504578,sam,"1,468","30,348"
Debmick1,,,,
sole24ore,420351046,IlSole24ORE,"1,409,810","133,747"
SPIEGEL_English,17990493,SPIEGEL English,"187,177","16,106"
tomfillis,966220742,Tom Fillis,"1,390","12,286"
SophieWarnes,504474006,Soph,"6,443","49,463"
beckspritchard,27673946,Becky Pritchard,"1,975",91
chambersstudent,870103454,Chambers Student,"8,755","12,767"
shjfrench,480342247,Simon French,"3,623","6,032"
albe_,25665242,alberto annicchiarico,"6,596","95,573"
reuters_co_uk,,,,
_tim_burke,712329012,Tim Burke,"2,275","5,559"
Lucymburton,369980824,Lucy Burton,"2,775","3,103"
Bloombergtv,35002876,Bloomberg TV,"537,089","123,495"
TimesBusiness,10933452,TimesBusiness,"22,213","44,185"
portlandcomms,249645086,Portland,"8,070","3,934"
stephenwall34,2677375998,Stephen Wall,"1,238","1,704"
MrHarryCole,15348883,Harry Cole,"96,822","126,941"
KSOOABS,,,,
niknickerson,368260430,Nik Nickerson ð¶ ð¤,623,"28,969"
ChrisGreenMP,,,,
tobyperkinsmp,61733092,Toby Perkins,"24,889","31,157"
BBCBreaking,5402612,BBC Breaking News,"41,672,907","36,333"
BrusselsDaily,,,,
JohnSpringford,538328523,John Springford,"8,088","9,526"
CER_IanBond,1326653898,Ian Bond,"16,008","28,668"
MichaelDugher,193313425,Michael Dugher,"34,958","43,785"
markmackinnon,20759034,Mark MacKinnon,"53,961","46,916"
andrew_lilico,3301743261,Andrew Lilico,"17,631","72,351"
ninojudge,374434260,Navdip Nino Singh Judge,"1,094","10,633"
carlbildt,18549724,Carl Bildt,"667,785","21,571"
philipjcowley,127480750,Philip Cowley,"27,891","55,819"
eurobriefing,80024060,Wolfgang Munchau,"38,293","4,689"
DGDimitrakop,2949294321,Dionyssis G. Dimitrakopoulos,"1,392","31,488"
matteorenzi,18762875,Matteo Renzi,"3,387,522","11,017"
ImIncorrigible,1223389308,I Am Incorrigible FCA,"15,910","179,617"
jamiecrypto,2897392085,Jamie Redman,"9,029","6,160"
LondonArt_Shop,,,,
RSylvesterTimes,562973853,Rachel Sylvester,"17,319","1,633"
frieskaJKT48,432746335,Frieska Anastasia,"464,475","12,044"
Casumptious,1653808938,Caroline Santos,"4,634","74,226"
georgegalloway,15484198,George Galloway,"344,915","238,987"
iainmartin1,110437588,Iain Martin,"74,651","77,079"
chrisdeerin,130835710,Chris Deerin,"23,477","124,981"
Sadgrovem,,,,
AnnamariSipila,961999778,Annamari SipilÃ¤,"12,936","7,711"
europafreunde,,,,
Usman_OnTheMoon,35627763,Usman,245,"6,948"
RTENewsNow,221314477,RTÃ News Now,"86,054","12,066"
reynoldnumber,878832596003762177,Selam,0,0
PerplexedObs,,,,
russelljones25,447453738,russell jones,"1,720","35,474"
VisitBCN_ES,2384968272,Visit Barcelona,"5,714","8,934"
CharlesTannock,914281548,Dr Charles Tannock,"21,163","27,409"
AkashPaun,399394432,Akash Paun,"3,229","10,515"
sonofr,181245414,Rejoin and Reform. #RRFB,"13,963","75,631"
Europarl_EN,36329597,European Parliament,"634,389","19,301"
YanisVaroufakis,124690469,Yanis Varoufakis,"985,700","15,695"
bloomberg,104237736,Bloomberg LP,"567,320","24,430"
keohanedan,523054177,Daniel Keohane,"18,064","59,479"
frederickone,79798955,Yvonne Anne Bolton,"8,738","232,391"
Redandloud,,,,
anthonywalsh400,2700519166,Anthony Walshâ,918,"30,667"
howdyandy,236089125,Andrew Walker,"1,977","48,826"
Twittwoonic,,,,
ddavidhealey54,,,,
timfarron,80021045,Tim Farron,"291,442","75,216"
antsoares67,2233176111,Anthony Soares,"1,792","16,621"
AfnooFnon,,,,
PaulGoodmanCH,131859965,Paul Goodman,"26,614","37,767"
Avramopoulos,2805926353,Dimitris Avramopoulos,"38,098","3,562"
bi_politics,918164114899210240,Sarah Bonilla,3,1
lostineu,313510104,Eric B.,"3,012","38,763"
georgialewis76,233956511,Georgia Lewis,"3,333","115,216"
FollowNewsNow,2389748504,WL. Smith,"1,531","472,785"
TaNeaOnline,2603476530,TA NEA online,"3,911","1,099,607"
eunewsit,555309932,eunews.it,"7,749","28,504"
GrahamBishopcom,69549823,Graham Bishop #FBPE,"2,027","6,272"
Natteramnoslo,1209778926,Natteramn,"6,833","522,129"
pcstrom,140878985,Per Christian,"2,083","17,455"
kari_kristensen,23606104,USA-ekspert,"8,278","37,837"
bg38l,1666381891,william l gee,455,"34,099"
suzallii,,,,
letocq,25359003,Jonathan Le Tocq ð¬ð¬,"3,439","14,680"
JohnClacy1,1007524627,John Clacy,416,"4,003"
RobNisbetSky,,,,
Steven_Swinford,224568664,Steven Swinford,"42,860","15,168"
gibbsesq,52086168,"Charles Gibbs, Esq.","1,829","3,809"
beyondthebarsmusic,,,,
Gordon_T_Miller,961622622931963904,Gordon Miller ð´ó §ó ¢ó ³ó £ó ´ó ¿ðªðº,475,"3,045"
daily_politics,22473844,BBC Daily Politics and Sunday Politics,"200,009","65,857"
TommySheppard,280574046,Tommy Sheppard MP,"32,942","3,855"
gerryhassan,219345607,Gerry Hassan,"20,278","52,931"
donkiszot1Exclusive,,,,
BBCPolitics,621533,BBC Politics,"662,359","93,781"
Princeton,5694822,Princeton University,"380,026","35,757"
PoliticoRyan,32429400,Ryan Heath,"70,938","7,769"
ShelaghFogarty,96092282,Shelagh Fogarty,"68,754","67,350"
Bentonra,117519659,Ben Tonra,"5,312","25,281"
Judy_Dempsey,510499013,Judy Dempsey,"24,309","9,960"
cer_london,868059082846072832,Kathryn Mullnieux,5,1
share,,,,
nieuwsuur,93474576,Nieuwsuur,"312,181","27,951"
Preiskel,146527302,Preiskel & Co LLP,"2,632",824
regentsuni,19599996,Regent's Uni London,"9,923","7,471"
iMoochieSo,4550091092,IG: @MoochieSo,808,359
TheConWom,2350048494,The Conservative Woman,"11,014","34,899"
andyburnhammp,,,,
voteleave,828068278874562560,Vote Leave,17,0
francopizzetti,445822246,francesco pizzetti,"24,429","68,718"
MichaelWhite,14685924,MichaelWhite,"56,385","78,653"
rodney_breen,70217890,Rodney Breen,265,"6,578"
Daves_blog,787630793296273408,Dave's Music Blog,9,169
AfredAlbion,837941210044059649,AA's Ghost,1,1
rkqkd371,,,,
GuyVerhofstadt,856010760,Guy Verhofstadt,"434,291","6,152"
daves_blog,787630793296273408,Dave's Music Blog,9,169
strongerin,764125817618178048,Stronger In,122,1
busraToreli,1414962542,BÃ¼Åra Toreli,"18,514",410
HuffPostItalia,543774554,L'HuffPost,"506,484","124,816"
TelegraphTravel,21209392,Telegraph Travel,"291,785","38,423"
BBCNormanS,106118793,norman smith,"129,162","25,790"
RobDotHutton,105236496,Robert Hutton,"34,003","4,256"
ThomasWPenny,292305977,Thomas Penny,"4,196","15,094"
huwjordan,100653660,Huw Jordan,"1,211","13,540"
JohnClarke1960,957412446,âSIRâ John Clarke,"12,436","79,153"
jungkookkie_bts,2876288653,à¸ªà¸¶à¸à¸à¸­à¸£,21,"1,939"
TheRedRag,,,,
thinkdefence,90350594,Think Defence,"30,927","96,415"
Tesco,271986064,Tesco,"562,708","2,263,903"
afeye,211606177,Evert Jan Luchies,613,"35,138"
Den_Drakendoder,2803445454,Joris,113,"10,149"
MelloComedic,2997552012,Mello Comedic,389,"1,023"
donnellrawlings,18079938,Donnell Rawlings,"55,833","16,671"
sydneyisfunny,35317001,SYDNEY CASTILLO,"11,805","50,896"
nealbrennan,42977712,Neal Brennan,"404,660","10,425"
TiffanyHaddish,78366205,Tiffany Haddish,"489,580","12,752"
EveningStandard,1168472395,Evening Standard,"111,371","120,161"
traynorbrussels,44411598,Ian Traynor,"16,194","10,755"
Fem_anark,2921973531,Enby Boss System,"1,037","38,342"
parlamentonews,873079502,ParlamentoNews,"4,859","28,491"
NordeaMarkets,479330647,Nordea Markets,"18,938","13,302"
GarethWong,3202121,Gareth Wong,548,"25,667"
CDU,20429858,CDU Deutschlands,"306,962","23,103"
hecsu,,,,
8x12x2,174342380,hlb,151,"165,027"
eremkaru,,,,
HLN_BE,47576958,HLN.BE,"134,526","280,820"
Vilinthril,1215672070358683660,Lukas Daniel Klausner,0,0
ALDEgroup,2541567572,c,3,0
fromTGA,220624198,Timothy Garton Ash,"34,249","7,089"
wordpressdotcom,823905,WordPress.com,"1,739,126","51,275"
DenisMacShane,79737242,Denis MacShane,"17,469","78,561"
emilygosden,52560766,Emily Gosden,"17,822","10,372"
McGalaxyMcg,814038385,MC GALAXY,"29,607","27,039"
Cymru369,243248917,WelshSpur,51,"2,226"
Conhaero,4707483077,Conhaero,4,9
BTS_twt,335141638,ë°©íìëë¨,"24,205,952","12,187"
destandaard,21408400,De Standaard,"305,257","144,765"
shoutinghorse,2577144030,matt ð¬ð§ ðð»,"1,301","26,696"
WholeLottaSusie,,,,
TheRealMrLo,1197686357793087489,Mr. LO,0,0
NS_online,121372044,NS online,"235,231","1,512,239"
latribune,137253079,La Tribune,"220,951","90,981"
guyverhofstadt,856010760,Guy Verhofstadt,"434,291","6,152"
manorray,,,,
annembee,139461658,Annie ð¬ð§ðºð¸,"4,976","231,047"
KB1Everyday,759634009,Mr K.B,"1,200","20,731"
GodartP,1108779937,POPO,129,"8,361"
hugodixon,288909699,Hugo Dixon,"41,395","21,387"
Mulchrone_,75555368,Alex Mulchrone,440,"4,638"
peterjukes,45715838,Peter Jukes,"61,534","221,792"
AndresCastro1,59696556,AndrÃ©s Castro,"1,556","99,273"
soccer_girl82,50557037,Heiddy GutiÃ©rrez R.,"3,650","102,570"
DanielDionisi,83687492,Daniel Dionisi,"4,079","25,512"
mcdonoughnews,1071645811715465216,beforeyouexit,13,3
labourpress,79173926,Labour Press Team,"142,693","59,286"
DPJHodges,62123765,(((Dan Hodges))),"136,281","138,004"
OpenEurope,65322179,Open Europe,"49,737","68,710"
fitalass,47444595,ChristinaD,"1,042","134,753"
EmmaReynoldsMP,,,,
peepart,20479777,Bobby Painterman ðªðº,482,"54,995"
MilestoneBrewi1,3590401635,Milestone Brewing,558,830
euandeuropeblog,4265184735,EUandEurope,94,770
roxley,20392014,Robert Oxley,"5,050","19,011"
DianaJohnsonMP,68659708,Diana Johnson MP,"26,114","43,725"
matthew_elliott,17921791,Matthew Elliott,"18,584","3,033"
CllrRobinHC,,,,
angelaeagle,124270074,Angela Eagle,"74,597","20,063"
leftwingpoet,,,,
JEMMYTWOSHOES,,,,
IsabelHardman,162044153,Isabel Hardman,"156,599","48,209"
tomwalker22,42604638,Thomas Walker,306,"1,709"
Migel_ange,3904016292,Miguel Ãngel Salazar,"10,919","41,862"
DirLimpiaCuaji,1689285805,RaÃºl RodrÃ­guez,"1,870","35,143"
JDCuajimalpa,1036710509498707970,Miguel Angel,17,0
whatukthinks,3290064989,What UK Thinks: EU,"21,051","2,729"
LadyDurrant,311619290,Lady Durrant ð¬ð§,"15,557","41,382"
EUractiv,14808226,EURACTIV,"129,911","58,609"
ward_slog,1948696680,Slog Ward,176,"3,319"
Euractiv,14808226,EURACTIV,"129,911","58,609"
TheWordRabbit,,,,
EurActiv,14808226,EURACTIV,"129,911","58,609"
stepheninmk,,,,
RealitySteve,24779883,RealitySteve,"300,433","14,973"
bbclaurak,61183568,Laura Kuenssberg,"1,141,394","41,042"
PoliticalShort,247981000,Nick Short ðºð¸,"180,969","139,467"
BristolComSense,755266896,Wild Wild Westcountry,"4,017","189,796"
Holbornlolz,1957125536,Old Holborn â,"64,898",423
SassafrasSassy,21497493,Ï®à® à¸£à¸à¸£à¸£à¸fÐ³à¸à¸£à¸£ Ï®à®,"2,807","85,631"
dobmarch8,281183285,I. Anthony-Ajileye,992,"12,111"
AllooCharas,1227579487,steve brindle: Say NO to the MSM!,"3,475","27,324"
Big_Bad_John_4,,,,
sarahdukip,,,,
ProSyn,46671396,Project Syndicate,"194,149","77,296"
po_st,386270039,Po.st,"220,125","2,745"
ALDEGroup,2541567572,c,3,0
Guardiancif,2652215948,GuardianComment,29,0
HenrySmithMP,,,,
ScotsUnionist,457396696,ProUnion ð¬ð§,"4,500","31,377"
TelePolitics,19709510,Telegraph Politics,"56,839","70,692"
simon_telegraph,186120785,Simon Johnson,"5,106","6,793"
NewsfusionApps,45801397,Newsfusion,780,"1,177"
Carolinanetoc,541587268,Carolina,173,"1,172"
SooFunnyPost,,,,
TheFunnyTeens,,,,
zarrycollab,4794620481,Diana,0,9
midnight_lov3rs,4113355943,â¢Vany Silvaâ¢,15,596
yogs1961,243985729,PRAYING FOR TIME,"2,320","23,429"
Leofmmmartins,1038499454,Ubirajara,410,"14,840"
zebodag,14183198,Ze New Bigoudi,"9,264","11,593"
InterelUK,551072930,Interel UK,759,"4,000"
wirespyuk,,,,
Donna_R_E,,,,
standardnews,38142380,Evening Standard,"623,330","328,412"
DavidCameron_MP,268416530,"I, David Cameron","2,815","7,868"
WayneDavid_MP,415449314,Wayne David,"12,308","7,570"
GeraldJonesLAB,496060628,Gerald Jones MP ð¬ð§ð´ó §ó ¢ó ·ó ¬ó ³ó ¿ð³ï¸âð,"6,255","12,457"
DanJJ83,708788772842967040,dan,6,685
dacbeachcroft,342666586,DAC Beachcroft,"6,567","3,978"
HenryJFoy,22558481,Henry Foy,"23,774","19,148"
BrunoBrussels,138717046,Bruno Waterfield,"37,963","29,021"
TomaszBielecki,498317449,Tomasz Bielecki,"5,552","15,407"
MarkIsAngry,,,,
martynpeel,,,,
libe,68440549,LibÃ©ration,"3,042,061","196,763"
liarpoliticians,270416438,Liarpoliticians,"15,209","204,224"
patrickhmason,63138444,Patrick,539,"48,183"
imntwice,,,,
julianknight15,1271714653,Julian Knight MP,"9,257","16,245"
ElUniversal,6015212,El Universal,"5,009,097","1,457,205"
zurbanamedellin,,,,
DjMixTime,255974804,Dj MixTime,"25,727","7,030"
RT_com,64643056,RT,"3,066,311","337,368"
Socialistsmithy,394638872,Peter Smith,"1,811","14,885"
Kevyla,62014896,Kev Mullins #CorbynWasRight #GTTO,"10,244","97,236"
chrisjlatimer,,,,
FleidermanMel,512140244,Melina Fleiderman,"32,465","20,070"
BBCr4today,8170292,BBC Radio 4 Today,"651,032","58,201"
Lehermayr,49443643,Christoph Lehermayr,"2,480","11,028"
badboyfantassy,,,,
BrexitBulldog,765649540598890501,Hanko,1,263
steven_winstone,2798125167,Steven Winstone,"25,464","20,259"
forbritain,973894476,Business for Britain,"7,581","5,386"
EveningChron,817306456072523777,EveningChronicle,148,1
Cadoret,24863992,Graeme Burrell,909,"185,134"
thegoodbuck,81703941,@thegoodbuck (CSE woodwork. Ungraded),"1,175","122,320"
theordinaryman2,3135565264,TheOrdinaryMan,"9,694","25,801"
mjs64,785456711649886208,MY,6,155
M0nk33y,27867738,::Monkey::,"26,025","19,356"
PWilliamsTBF,20329271,PWilliamsTBF,"1,230","10,995"
give,300737849,give.net,"1,100","1,132"
idaglaesner,584629357,Ida GlÃ¦sner,260,"10,145"
UFM_UDD,,,,
avgerinosx,535315559,avgerinosx,"45,864","81,799"
mrtein,23112447,martin boorman,440,"6,689"
sharmilaxx,342712869,sharmila chowdhury,"4,575","29,821"
john3ners,24074614,954 Bastards,"2,687","66,788"
MattCElthamSth,2533094488,Matt Clare,"1,174","7,655"
WilbournRyan,,,,
JohnWhall,,,,
Benji_Mascolo,,,,
hillfort,,,,
97_houston,,,,
psbook,,,,
Laura_K_Hughes,,,,
armleyexile,,,,
Lauren4ukip,,,,
fergusabroad,,,,
ReebarrRees,,,,
BBCScot2016,,,,
iainmacwhirter,,,,
davidtorrance,,,,
BBCPM,,,,
Jagsrock210,,,,
caneshades83,,,,
justinrgrrb,,,,
CaneShadesRadio,,,,
CER_London,,,,
AndKiely,,,,
charlieT62,,,,
jihadwatchRS,,,,
janeyotweets,,,,
MattTurner4L,,,,
JaneMahony,,,,
justinbieber,,,,
ProyectoAyudaJB,,,,
DFosterEvans,,,,
media_en,,,,
patrickoscully,,,,
Susymaba,,,,
HuwGruffydd,,,,
ash20H,,,,
peterdavidscot2,,,,
DameMiriam,,,,
rodbishop15,,,,
JohnOBrennan2,,,,
RSkidelsky,,,,
TheStalwart,,,,
CoaghUKIP,,,,
bbcradio4,,,,
nlingelicht,,,,
NUnl,,,,
nickh1877,,,,
iankatz1000,,,,
AdiEUtoallthat,,,,
TheTimes,,,,
socdemgroup,,,,
Brexiteer,,,,
duncanmcgregor,,,,
REPORTER_47,,,,
GGReisman,,,,
mises,,,,
maitlis,,,,
williamsweapon,,,,
darrenadam,,,,
checkerhd,,,,
telegraaf,,,,
braveheartmmt,,,,
rubino7004,,,,
VittorioBanti,,,,
jimmhk,,,,
ManusCranny,,,,
dft,,,,
DavidDavisMP,,,,
ArneDelfs,,,,
dere_asuka_bot,,,,
mfMorten,,,,
el_pais,,,,
nictrades,,,,
paulwaugh,,,,
Geezajay2013,,,,
Flange_Badger,,,,
DanielCumming5,,,,
TheMockneyRebel,,,,
bell_johnb0308,,,,
Recruitabroad,,,,
ilgiornale,,,,
rtbfinfo,,,,
HenrietteReker,,,,
JLLUK,,,,
LondonerVince,,,,
HSJEditor,,,,
cain_juliendave,,,,
ESpringW11,,,,
labour,,,,
steverichards14,,,,
EurActiv_Fr,,,,
patmcfaddenmp,,,,
IrishTimesWorld,,,,
JoelLewin,,,,
pmarca,,,,
HansNichols,,,,
politicsastar,,,,
dosmoh6677,,,,
SharonBowlesUK,,,,
JustinSobecki,,,,
BenPBradshaw,,,,
charlottebsmith,,,,
KatharinaBart,,,,
trussliz,,,,
UK,,,,
_TimCave,,,,
Owen_PatersonMP,,,,
stridingedge,,,,
John_J_C_Moss,,,,
oscartango,,,,
ibtauris,,,,
heraldscotland,,,,
settle_michael,,,,
simostransit,,,,
NewsRepublicUK,,,,
NewsRepublic,,,,
ChukaUmunna,,,,
James_BG,,,,
rathoCC,,,,
ukandeu,,,,
NFUtweets,,,,
bbcburnsy,,,,
CSU,,,,
eureporter,,,,
Piovegovernolad,,,,
theglobalist,,,,
intlspectator,,,,
Langworthy_47,,,,
njg_nick,,,,
CER_Grant,,,,
PaulKingstonNNP,,,,
MijBmal,,,,
EUreferendumUK,,,,
HighburyJD,,,,
paaana_ren,,,,
UK__News,,,,
aroundbritain,,,,
scott_wilko,,,,
MoneyWeek,,,,
dictionarycom,,,,
RJPartington,,,,
slooproon,,,,
Chelmno4,,,,
johnbostock3,,,,
suttonnick,,,,
anncoffey_mp,,,,
OxSapiens,,,,
swalker18780774,,,,
TrumpViewTower,,,,
EgmontInstitute,,,,
simonblake1977,,,,
UKgovcomms,,,,
ConWayFor,,,,
KTHopkins,,,,
tufailelif,,,,
PaulaMariana29,,,,
RoMashka2307,,,,
PeteWishart,,,,
Aluap_Dnomder,,,,
defense_news,,,,
Carnegie_Europe,,,,
eucopresident,,,,
GdnPolitics,,,,
ProfTimBale,,,,
GrahamGords1001,,,,
oxfordfarming,,,,
SatChri,,,,
richard_TRK,,,,
britainbetterinfor,,,,
jadinesterzambo,,,,
fank_peat,,,,
Mid247,,,,
FerroTV,,,,
spiegelpeter,,,,
theeuropeanmag,,,,
TariqAli_News,,,,
viEUws,,,,
jojabaker,,,,
scientists4EU,,,,
hajimaboys,,,,
CCHQPress,,,,
galboy_ledge,,,,
HuffPostUK,,,,
OwenJones84,,,,
_Faiiryytaleee,,,,
TheBuddhaSmiled,,,,
DefraGovUK,,,,
WMNNews,,,,
MVLibertas,,,,
JohnCaveAusten,,,,
gabyhinsliff,,,,
mauriceg88,,,,
Tebasjavier,,,,
TrussLiz,,,,
PME_Politics,,,,
observadorpt,,,,
